{
  "watches": [
    {
      "brandName": "Tissot",
      "modelName": "PR 100",
      "caseMaterial": "Stainless Steel",
      "strapMaterial": "Stainless Steel",
      "glassMaterial": "Sapphire Crystal",
      "movementType": "Quartz",
      "complicationType": "Date - Chronograph",
      "price": 979.99,
      "warranty": 2,
      "custom": 3,
      "batteryType": "Renata 394",
      "easilyReplaceableBattery": true,
      "quartzType": "Normal Quartz"
    },
    {
      "brandName": "Casio",
      "modelName": "Duro",
      "caseMaterial": "Aluminum",
      "strapMaterial": "Resin",
      "glassMaterial": "Mineral Glass",
      "movementType": "Quartz",
      "complicationType": "Date - Diver",
      "price": 69.95,
      "warranty": 1,
      "custom": 2,
      "batteryType": "SR626SW",
      "easilyReplaceableBattery": false,
      "quartzType": "Normal Quartz"
    },
    {
      "brandName": "Citizen",
      "modelName": "AW1760-81W",
      "caseMaterial": "Stainless Steel",
      "strapMaterial": "Stainless Steel",
      "glassMaterial": "Sapphire Crystal",
      "movementType": "Eco Drive",
      "complicationType": "Date",
      "price": 398.0,
      "warranty": 2,
      "custom": 3,
      "batteryType": "MT621",
      "easilyReplaceableBattery": false,
      "quartzType": "Solar Quartz"
    },
    {
      "brandName": "Seiko",
      "modelName": "Sport",
      "caseMaterial": "Stainless Steel",
      "strapMaterial": "Leather",
      "glassMaterial": "Hardlex Crystal",
      "movementType": "Quartz",
      "complicationType": "Date - Chronograph",
      "price": 420.5,
      "warranty": 3,
      "custom": 4,
      "batteryType": "8T67",
      "easilyReplaceableBattery": true,
      "quartzType": "Meca-Quartz"
    },
    {
      "brandName": "Seiko",
      "modelName": "Kinetic",
      "caseMaterial": "Stainless Steel",
      "strapMaterial": "Stainless Steel",
      "glassMaterial": "Hardlex Crystal",
      "movementType": "Autoquartz",
      "complicationType": "Date",
      "price": 780.99,
      "warranty": 2,
      "custom": 4,
      "batteryType": "MT920",
      "easilyReplaceableBattery": false,
      "quartzType": "Kinetic Quartz"
    },
    {
      "brandName": "Casio",
      "modelName": "Sheen",
      "caseMaterial": "Stainless Steel",
      "strapMaterial": "Stainless Steel",
      "glassMaterial": "Sapphire Crystal",
      "movementType": "Quartz",
      "complicationType": "N/A",
      "price": 269.99,
      "warranty": 3,
      "custom": 2,
      "batteryType": "5590",
      "easilyReplaceableBattery": true,
      "quartzType": "Normal Quartz"
    },
    {
      "brandName": "Seiko",
      "modelName": "Prospex",
      "caseMaterial": "Stainless Steel",
      "strapMaterial": "Silicone",
      "glassMaterial": "Hardlex Crystal",
      "movementType": "Solar",
      "complicationType": "Date - Diver",
      "price": 1500.0,
      "warranty": 5,
      "custom": 2,
      "batteryType": "SSC017",
      "easilyReplaceableBattery": false,
      "quartzType": "Solar Quartz"
    },
    {
      "brandName": "Swatch",
      "modelName": "Silver Glam",
      "caseMaterial": "Rubber",
      "strapMaterial": "Rubber",
      "glassMaterial": "Mineral Glass",
      "movementType": "Quartz",
      "complicationType": "Skeleton",
      "price": 189.99,
      "warranty": 1,
      "custom": 0,
      "batteryType": "SG10",
      "easilyReplaceableBattery": true,
      "quartzType": "Normal Quartz"
    }
  ]
}