{
  "watches": [
    {
      "brandName": "Seiko",
      "modelName": "5 Sport",
      "caseMaterial": "Stainless Steel",
      "strapMaterial": "Stainless Steel",
      "glassMaterial": "Mineral Glass",
      "movementType": "Automatic - Calibre 4R36",
      "complicationType": "Date",
      "price": 670.0,
      "warranty": 3,
      "custom": 3,
      "powerReserve": 42,
      "beatRate": 21600,
      "rotorType": "Semicircle",
      "hasHandWinding": true
    },
    {
      "brandName": "Tissot",
      "modelName": "PRX",
      "caseMaterial": "Stainless Steel",
      "strapMaterial": "Stainless Steel",
      "glassMaterial": "Sapphire Crystal",
      "movementType": "Automatic - Powermatic 80",
      "complicationType": "Date - Chronograph",
      "price": 1300.0,
      "warranty": 2,
      "custom": 4,
      "powerReserve": 80,
      "beatRate": 21600,
      "rotorType": "Semicircle",
      "hasHandWinding": false
    },
    {
      "brandName": "AP",
      "modelName": "Royal Oak",
      "caseMaterial": "Stainless Steel",
      "strapMaterial": "Stainless Steel",
      "glassMaterial": "Sapphire Crystal",
      "movementType": "Automatic - Calibre 3120",
      "complicationType": "Date",
      "price": 88000.0,
      "warranty": 10,
      "custom": 5,
      "powerReserve": 70,
      "beatRate": 28800,
      "rotorType": "Skeleton Semicircle",
      "hasHandWinding": false
    },
    {
      "brandName": "Citizen",
      "modelName": "Tsuyosa",
      "caseMaterial": "Stainless Steel",
      "strapMaterial": "Stainless Steel",
      "glassMaterial": "Sapphire Crystal",
      "movementType": "Automatic - Calibre 8210",
      "complicationType": "Cyclops Date",
      "price": 750.0,
      "warranty": 2,
      "custom": 2,
      "powerReserve": 42,
      "beatRate": 21600,
      "rotorType": "Round",
      "hasHandWinding": true
    },
    {
      "brandName": "Grand Seiko",
      "modelName": "Cherry Blossom",
      "caseMaterial": "Stainless Steel",
      "strapMaterial": "Stainless Steel",
      "glassMaterial": "Sapphire Crystal",
      "movementType": "Spring Drive - Calibre 9R65",
      "complicationType": "Date - Power Reserve Dial",
      "price": 6500.0,
      "warranty": 5,
      "custom": 3,
      "powerReserve": 72,
      "beatRate": 32786,
      "rotorType": "Semicircle",
      "hasHandWinding": false
    },
    {
      "brandName": "Grand Seiko",
      "modelName": "Hi-Beat",
      "caseMaterial": "Stainless Steel",
      "strapMaterial": "Stainless Steel",
      "glassMaterial": "Sapphire Crystal",
      "movementType": "Hi-Beat - Calibre 9S85",
      "complicationType": "Date",
      "price": 11800.0,
      "warranty": 10,
      "custom": 3,
      "powerReserve": 55,
      "beatRate": 36000,
      "rotorType": "Semicircle",
      "hasHandWinding": true
    },
    {
      "brandName": "Rolex",
      "modelName": "Datejust",
      "caseMaterial": "White gold",
      "strapMaterial": "White gold",
      "glassMaterial": "Sapphire Crystal",
      "movementType": "Automatic - Calibre 2236",
      "complicationType": "Date",
      "price": 25000.0,
      "warranty": 15,
      "custom": 2,
      "powerReserve": 55,
      "beatRate": 28800,
      "rotorType": "Perpetual",
      "hasHandWinding": false
    },
    {
      "brandName": "Rolex",
      "modelName": "Daytona",
      "caseMaterial": "Stainless Steel",
      "strapMaterial": "Stainless Steel",
      "glassMaterial": "Sapphire Crystal",
      "movementType": "Automatic - Calibre 4130",
      "complicationType": "Chronograph - Tachymeter",
      "price": 32829.55,
      "warranty": 15,
      "custom": 4,
      "powerReserve": 72,
      "beatRate": 21600,
      "rotorType": "Semicircle",
      "hasHandWinding": false
    }
  ]
}