{
  "watches": [
    {
      "brandName": "Apple",
      "modelName": "Watch 9",
      "caseMaterial": "Aluminum",
      "strapMaterial": "Nato",
      "glassMaterial": "Mineral Glass",
      "movementType": "Li-ion battery",
      "complicationType": "N/A",
      "price": 999.99,
      "warranty": 2,
      "custom": 3,
      "batteryType": "Lithium",
      "easilyReplaceableBattery": false,
      "displayType": "LED",
      "displaySize": 1.61
    },
    {
      "brandName": "Casio",
      "modelName": "F-91w",
      "caseMaterial": "Resin",
      "strapMaterial": "Resin",
      "glassMaterial": "Plastic",
      "movementType": "Quartz",
      "complicationType": "Chronograph - Alarm - Date",
      "price": 34.99,
      "warranty": 2,
      "custom": 0,
      "batteryType": "CR2016",
      "easilyReplaceableBattery": true,
      "displayType": "LCD",
      "displaySize": 1.33
    },
    {
      "brandName": "Tissot",
      "modelName": "PRX Digital",
      "caseMaterial": "Stainless Steel",
      "strapMaterial": "Stainless Steel",
      "glassMaterial": "Sapphire Crystal",
      "movementType": "Quartz",
      "complicationType": "N/A",
      "price": 800.0,
      "warranty": 2,
      "custom": 2,
      "batteryType": "Maxell CR",
      "easilyReplaceableBattery": true,
      "displayType": "LCD",
      "displaySize": 1.5
    },
    {
      "brandName": "Casio",
      "modelName": "G-SHOCK",
      "caseMaterial": "Resin",
      "strapMaterial": "Resin",
      "glassMaterial": "Mineral Glass",
      "movementType": "Solar",
      "complicationType": "Bluetooth - Alarm - Date",
      "price": 304.5,
      "warranty": 3,
      "custom": 3,
      "batteryType": "CTL1616",
      "easilyReplaceableBattery": false,
      "displayType": "LCD",
      "displaySize": 1.4
    },
    {
      "brandName": "Garmin",
      "modelName": "Epix",
      "caseMaterial": "Reinforced polymer with titanium",
      "strapMaterial": "Silicone",
      "glassMaterial": "Sapphire Crystal",
      "movementType": "Li-ion battery",
      "complicationType": "N/A",
      "price": 1799.99,
      "warranty": 2,
      "custom": 5,
      "batteryType": "Lithium",
      "easilyReplaceableBattery": false,
      "displayType": "AMOLED",
      "displaySize": 1.4
    },
    {
      "brandName": "Apple",
      "modelName": "Watch Ultra",
      "caseMaterial": "Titanium",
      "strapMaterial": "Rubber",
      "glassMaterial": "Sapphire Crystal",
      "movementType": "Li-ion battery",
      "complicationType": "N/A",
      "price": 1299.99,
      "warranty": 3,
      "custom": 4,
      "batteryType": "Lithium",
      "easilyReplaceableBattery": false,
      "displayType": "OLED",
      "displaySize": 1.85
    }
  ]
}  