{
  "watches": [
    {
      "brandName": "Omega",
      "modelName": "Speedmaster",
      "caseMaterial": "Stainless Steel",
      "strapMaterial": "Stainless Steel",
      "glassMaterial": "Hesalite Crystal",
      "movementType": "Manual winding - Calibre 1861",
      "complicationType": "Chronograph - Tachymeter",
      "price": 16500.0,
      "warranty": 10,
      "custom": 2,
      "powerReserve": 48,
      "beatRate": 21600,
      "windsRequired": 40,
      "crownWoundPosition": 0
    },
    {
      "brandName": "Hamilton",
      "modelName": "Khaki",
      "caseMaterial": "Stainless Steel",
      "strapMaterial": "Nato",
      "glassMaterial": "Sapphire Crystal",
      "movementType": "Manual winding - Caliber H-10",
      "complicationType": "N/A",
      "price": 1940.0,
      "warranty": 5,
      "custom": 3,
      "powerReserve": 80,
      "beatRate": 21600,
      "windsRequired": 35,
      "crownWoundPosition": 0
    },
    {
      "brandName": "Patek Philippe",
      "modelName": "Grand Complication 5270",
      "caseMaterial": "Platinum",
      "strapMaterial": "Alligator leather",
      "glassMaterial": "Sapphire Crystal",
      "movementType": "Manual winding - Caliber 29-535",
      "complicationType": "Chronograph - Perpetual Calendar",
      "price": 475000.0,
      "warranty": 25,
      "custom": 6,
      "powerReserve": 65,
      "beatRate": 28800,
      "windsRequired": 20,
      "crownWoundPosition": 0
    },
    {
      "brandName": "Vacheron Constantin",
      "modelName": "Historiques American",
      "caseMaterial": "Brass",
      "strapMaterial": "Alligator Leather",
      "glassMaterial": "Sapphire Crystal",
      "movementType": "Manual winding - Calibre 4400",
      "complicationType": "N/A",
      "price": 63249.99,
      "warranty": 15,
      "custom": 4,
      "powerReserve": 65,
      "beatRate": 28800,
      "windsRequired": 30,
      "crownWoundPosition": 0
    },
    {
      "brandName": "AP",
      "modelName": "CODE 11.59",
      "caseMaterial": "Ceramic",
      "strapMaterial": "Rubber-Coated Textile",
      "glassMaterial": "Sapphire Crystal",
      "movementType": "Manual winding - Calibre 2953",
      "complicationType": "Minute Repeater",
      "price": 720000.0,
      "warranty": 15,
      "custom": 5,
      "powerReserve": 65,
      "beatRate": 21600,
      "windsRequired": 25,
      "crownWoundPosition": 0
    }
  ]
}